0,173,172,7,79,170,5,0
0,85,87,83,90,131,135,136,129,132,128,138,133,137,86,0
0,72,67,161,77,27,30,98,149,148,102,0
0,159,155,152,157,153,154,69,165,10,164,8,0
0,61,46,51,39,43,57,106,63,56,108,59,110,97,95,0
0,118,126,119,120,117,124,17,15,130,134,104,99,0
0,127,125,65,62,50,45,47,41,49,48,107,113,0
0,101,88,84,89,92,93,144,140,145,147,142,0
0,82,139,91,143,146,141,150,105,112,122,0
0,35,25,32,34,33,74,78,2,169,160,162,166,167,168,0
0,94,54,52,42,44,40,38,156,70,73,1,121,0
0,22,14,23,18,20,16,24,13,21,19,29,0
0,103,109,114,64,53,111,115,116,0
0,100,96,60,66,55,58,151,158,68,71,0
0,171,9,4,12,163,11,6,3,80,76,81,75,0
0,123,26,31,36,28,37,0
